[
  {
    "id": 1,
    "picture": "assets/images/du-lich-bac-kinh-he-du-lich-viet.jpg",
    "title": "Du lịch Trung Quốc Hè - Thượng Hải - Ô Trấn - Hàng Châu - Bắc Kinh từ Sài Gòn 2024",
    "source": "Từ Hồ Chí Minh",
    "description": "Hành trình Trung Quốc - Thượng Hải - Ô Trấn - Hàng Châu - Bắc Kinh Lịch trình 7 ngày 6 đêm Khởi hành 09/08/2024 Vận chuyển Xe du lịch đời mới & Máy bay khứ hồi Du lịch Trung Quốc từ lâu đã trở thành điểm đến hấp dẫn của du khách trên toàn thế giới. Ngoài vô vàn những...",
    "schedule": "20/8/2024",
    "price": 22999000,
    "last": "7 ngày 6 đêm",
    "slots": "Còn 8 chỗ"
  },
  {
    "id": 2,
    "picture": "assets/images/du-lich-an-do-mua-he-du-lich-viet.jpg",
    "title": "Du lịch Ấn Độ Hè - Delhi - Agra - Jaipur từ Sài Gòn 2024",
    "source": "Từ Hồ Chí Minh",
    "description": "Hành trình Delhi - Agra - Jaipur Lịch trình 5 ngày 5 đêm Khởi hành 28/06; 26/07; 28/08/2024 Vận chuyển Hãng hàng không Vietjet Air Du lịch Ấn Độ Hè - Delhi - Agra - Jaipur từ Sài Gòn 2024. Du lịch Ấn Độ cảnh sắc thiên nhiên phong phú với những hồ nước trong xanh và ngọn núi hùng...",
    "schedule": "13/8/2024",
    "price": 18999000,
    "last": "5 ngày 5 đêm",
    "slots": "Còn 14 chỗ"
  },
  {
    "id": 3,
    "picture": "assets/images/du-lich-le-giang-nui-tuyet-bach-long-du-lich-viet.jpg",
    "title": "Du lịch Trung Quốc Hè - Côn Minh - Đại Lý - Shangrila - Lệ Giang - Băng Xuyên từ Sài Gòn 2024",
    "source": "Từ Hồ Chí Minh",
    "description": "Hành trình Trung Quốc - Côn Minh - Đại Lý - Shangrila - Lệ Giang - Băng Xuyên Lịch trình 6 ngày 5 đêm Khởi hành 11/04; 16/05; 13,29/06; 13/07; 15,29/08; 12/09/2024 Vận chuyển Xe du lịch đời mới & Máy bay khứ hồi Du lịch Trung Quốc Hè - Côn Minh - Đại Lý - Shangrila - Lệ Giang...",
    "schedule": "12/9/2024",
    "price": 20499000,
    "last": "6 ngày 5 đêm",
    "slots": "Còn 8 chỗ"
  },
  {
    "id": 4,
    "picture": "assets/images/tour-phuong-hoang-co-tran-mua-he-du-lich-viet.jpg",
    "title": "Du lịch Trung Quốc - Trương Gia Giới - Phượng Hoàng Cổ Trấn mùa Hè từ Sài Gòn 2024",
    "source": "Từ Hồ Chí Minh",
    "description": "Hành trình Trung Quốc - Trương Gia Giới - Phượng Hoàng Cổ Trấn Lịch trình 5 ngày 4 đêm Khởi hành 12/05; 16/06; 14/07; 18/08/2024 Vận chuyển Xe du lịch đời mới & Máy bay khứ hồi Du lịch Trương Gia Giới mùa Hè là nơi hội tụ những kỳ quan thiên nhiên kỳ ảo bậc nhất Trung Hoa. Tour...",
    "schedule": "20/11/2024",
    "price": 15999000,
    "last": "5 ngày 4 đêm",
    "slots": "Còn 13 chỗ"
  },
  {
    "id": 5,
    "picture": "assets/images/du-lich-he-dao-nami-du-lich-viet.jpg",
    "title": "Du lịch Hè - Tour Hàn Quốc - Seoul - Everland - Đảo Nami 4 ngày từ Sài Gòn 2024",
    "source": "Từ Hồ Chí Minh",
    "description": "Hành trình Seoul - Everland - Đảo Nami - Tháp Namsan Lịch trình 4 ngày 4 đêm Khởi hành 20,27/04; 11,25/05; 08,15/06; 06,20/07; 03,17,31/08; 14,25/09/2024 Vận chuyển Xe du lịch đời mới & Máy bay khứ hồi Du lịch Hè - Tour Hàn Quốc - Seoul - Everland - Đảo Nami 4 ngày từ Sài Gòn 2024.Tour Du lịch Hàn...",
    "schedule": "10/11/2024",
    "price": 14999000,
    "last": "4 ngày 4 đêm",
    "slots": "Còn 14 chỗ"
  },
  {
    "id": 6,
    "picture": "assets/images/tour-mua-he-trung-quoc-gia-tot-du-lich-viet.jpg",
    "title": "Du lịch Trung Quốc Hè 2024 - Bắc Kinh - Tô Châu - Hàng Châu - Thượng Hải từ Sài Gòn",
    "source": "Từ Hồ Chí Minh",
    "description": "Hành trình Trung Quốc - Bắc Kinh - Tô Châu - Hàng Châu - Thượng Hải Lịch trình 7 ngày 6 đêm Khởi hành 25/05; 22/06;06/07; 17/08; 14/09; 19/10/2024 Vận chuyển Xe du lịch đời mới & Máy bay khứ hồi Tour này có gì hay Hành trình độc đáo mang đến những trải nghiệm lý thú, cảm nhận sự...",
    "schedule": "18/11/2024",
    "price": 21999000,
    "last": "7 ngày 6 đêm",
    "slots": "Còn 6 chỗ"
  },
  {
    "id": 7,
    "picture": "assets/images/du-lich-shangrila-mua-he-du-lich-viet.jpg",
    "title": "Du lịch Trung Quốc Hè - Côn Minh - Shangrila - Lệ Giang - Núi Tuyết Ngọc Long từ Sài Gòn 2024",
    "source": "Từ Hồ Chí Minh",
    "description": "Hành trình Côn Minh - Lệ Giang - Shangrila Lịch trình 5 ngày 4 đêm Khởi hành 25/06; 30/07/2024 Vận chuyển Xe du lịch đời mới & Máy bay khứ hồi Đặc điểm nổi bật: - Tham quan núi tuyết Ngọc Long – đi cáp treo lên đỉnh Băng Xuyên - Khám phá thành cổ Lệ Giang thơ mộng –...",
    "schedule": "21/9/2024",
    "price": 19999000,
    "last": "5 ngày 4 đêm",
    "slots": "Còn 10 chỗ"
  },
  {
    "id": 8,
    "picture": "assets/images/tour-du-lich-nhat-ban-mua-he-gia-tot-du-lich-viet(1).jpg",
    "title": "Du lịch Nhật Bản Hè - Osaka - Kobe - Kyoto - Yamanashi - Fuji - Tokyo từ Sài Gòn 2024",
    "source": "Từ Hồ Chí Minh",
    "description": "Hành trình Nhật Bản - Osaka - Kobe - Kyoto - Yamanashi - Fuji - Tokyo Lịch trình 5 ngày 5 đêm Khởi hành 25/05; 08,23/06; 07,13/07/2024 Chuyến bay VJ828 (01:00-08:30)/VJ823 (08:55-13:00) Vận chuyển Hãng hàng không Vietjet Air Đặc điểm nổi bật: - Tham quan núi Phú Sỹ một trong những kỳ quan thiên nhiên thế giới. - Tham quan...",
    "schedule": "23/9/2024",
    "price": 26999000,
    "last": "5 ngày 5 đêm",
    "slots": "Còn 11 chỗ"
  },
  {
    "id": 9,
    "picture": "assets/images/tour-phuong-hoang-co-tran-mua-he-du-lich-viet-2024.jpg",
    "title": "Du lịch Trung Quốc Hè 2024 - Trương Gia Giới - Phượng Hoàng Cổ Trấn từ Sài Gòn",
    "source": "Từ Hồ Chí Minh",
    "description": "Hành trình Trung Quốc - Trương Gia Giới - Phượng Hoàng Cổ Trấn Lịch trình 6 ngày 5 đêm Khởi hành 09,11,25/05; 15/06; 13/07; 10/08; 14/09/2024 Vận chuyển Xe du lịch đời mới & Máy bay khứ hồi Du lịch Trung Quốc Hè 2024 - Trương Gia Giới - Phượng Hoàng Cổ Trấn từ Sài Gòn. Du lịch Phượng Hoàng cổ...",
    "schedule": "24/10/2024",
    "price": 14999000,
    "last": "6 ngày 5 đêm",
    "slots": "Còn 12 chỗ"
  },
  {
    "id": 10,
    "picture": "assets/images/tour-he-nhat-ban-gia-tot-du-lich-viet.jpg",
    "title": "Du lịch Hè - Tour Du lịch Nhật Bản - Tokyo - Hakone - Fuji - Odaiba từ Sài Gòn 2024",
    "source": "Từ Hồ Chí Minh",
    "description": "Hành trình Tokyo - Hakone - Fuji - Odaiba Lịch trình 5 ngày 4 đêm Khởi hành 26/04; 10,24/05; 07,21/06; 05,19/07; 02,16,30/08; 13,27/09/2024 Chuyến bay VJ822 (23:35 – 07:55)/ VJ823 (08:55 – 13:00) Vận chuyển Hãng hàng không Vietjet Air Du lịch Hè - Tour Du lịch Nhật Bản - Tokyo - Hakone - Fuji - Odaiba từ Sài Gòn 2024....",
    "schedule": "10/10/2024",
    "price": 21999000,
    "last": "5 ngày 4 đêm",
    "slots": "Còn 12 chỗ"
  },
  {
    "id": 11,
    "picture": "assets/images/vach-da-thanh-thuy-du-lich-viet(1).jpg",
    "title": "Du lịch Đài Loan Hè - Hoa Liên - Đài Bắc - Đài Trung từ Sài Gòn 2024",
    "source": "Từ Hồ Chí Minh",
    "description": "Hành trình Đài Loan - Hoa Liên - Đài Bắc - Đài Trung Lịch trình 5 ngày 4 đêm Khởi hành 30/08/2024 Vận chuyển Hãng hàng không Vietjet Air Du lịch Đài Loan Hè - Hoa Liên - Đài Bắc - Đài Trung từ Sài Gòn 2024 cùng Du Lịch Việt khám phá “Formosa” nghĩa là “hòn đảo xinh đẹp”. Quốc đảo...",
    "schedule": "22/11/2024",
    "price": 15999000,
    "last": "5 ngày 4 đêm",
    "slots": "Còn 6 chỗ"
  },
  {
    "id": 12,
    "picture": "assets/images/du-lich-thai-lan-mua-he-du-lich-viet-2024.jpg",
    "title": "Du lịch Hè Thái Lan - Art Lingtning - Đảo Coral bay Vietnam Airlines từ Sài Gòn 2024",
    "source": "Từ Hồ Chí Minh",
    "description": "Hành trình Art Lightning - Đảo Coral - Baiyoke Sky - Dạo Thuyền trên sông Chaopraya Lịch trình 5 ngày 4 đêm Khởi hành 11,18/04; 23,30/05; 06,13,20,27/06; 04,11,18,25/07; 01,08,15,29/08; 12,26/09/2024 Chuyến bay VN605 (11:30 -13:10)/VN604 (14:20 -16:10) Du lịch Hè - Tour Du lịch Thái Lan - Art Lingtning - Đảo Coral bay Vietnam Airlines từ Sài Gòn 2024. Xứ sở...",
    "schedule": "17/9/2024",
    "price": 7799000,
    "last": "5 ngày 4 đêm",
    "slots": "Còn 6 chỗ"
  },
  {
    "id": 13,
    "picture": "assets/images/du-lich-trung-quoc-tan-cuong-du-lich-viet.jpg",
    "title": "Du lịch Trung Quốc Hè - Urumqi - Vịnh Ngũ Sắc - Kanas - Làng Hoà Mộc - Bố Nhĩ Tân từ Sài Gòn 2024",
    "source": "Từ Hồ Chí Minh",
    "description": "Hành trình Trung Quốc - Urumqi - Vịnh Ngũ Sắc - Kanas - Làng Hoà Mộc - Bố Nhĩ Tân Lịch trình 8 ngày 7 đêm Khởi hành 03/07; 27/08; 17/09; 22/10/2024 Vận chuyển Xe du lịch đời mới & Máy bay khứ hồi Du lịch Trung Quốc Hè - Tour Tân Cương - Urumqi - Vịnh Ngũ Sắc - Kanas...",
    "schedule": "14/7/2024",
    "price": 39999000,
    "last": "8 ngày 7 đêm",
    "slots": "Còn 6 chỗ"
  },
  {
    "id": 14,
    "picture": "assets/images/du-lich-trung-quoc-cuu-trai-cau-du-lich-viet.jpg",
    "title": "Du lịch Trung Quốc Hè - Thành Đô - Cửu Trại Câu - Gấu Trúc - Lạc Sơn tư Sài Gòn 2024",
    "source": "Từ Hồ Chí Minh",
    "description": "Hành trình Thành Đô - Cửu Trại Câu - Gấu Trúc - Lạc Sơn Lịch trình 6 ngày 5 đêm Khởi hành 06,08,12,13,15,19,20,22,22,26,27/06/2024 Vận chuyển Xe du lịch đời mới & Máy bay khứ hồi Du lịch Trung Quốc Hè - Thành Đô - Cửu Trại Câu - Gấu Trúc - Lạc Sơn tư Sài Gòn 2024 cùng Du Lịch...",
    "schedule": "16/9/2024",
    "price": 13990000,
    "last": "5 ngày 4 đêm",
    "slots": "Còn 8 chỗ"
  },
  {
    "id": 15,
    "picture": "assets/images/du-lich-phap-mua-he-2024-du-lich-viet-gia-tot.jpg",
    "title": "Du lịch Châu Âu Hè - Tour Du lịch Pháp - Thụy Sĩ - Ý - từ Sài Gòn 2024",
    "source": "Từ Hồ Chí Minh",
    "description": "Hành trình Pháp - Thụy Sĩ - Ý Lịch trình 10 ngày 9 đêm Khởi hành 17/06; 01/07; 16/09/2024 TẶNG Tặng vé cáp treo tham quan Núi Titlis Du lịch Châu Âu mùa Hè - Tour Du lịch Pháp - Thụy Sĩ - Ý - từ Sài Gòn 2024. Du lịch Châu Âu mùa Hè tận hưởng kỳ nghỉ Hè...",
    "schedule": "12/9/2024",
    "price": 72990000,
    "last": "10 ngày 9 đêm",
    "slots": "Còn 7 chỗ"
  },
  {
    "id": 16,
    "picture": "assets/images/du-lich-hungary-he-du-lich-viet.jpg",
    "title": "Du lịch Châu Âu Hè - Tour Du lịch Đức - Séc - Áo - Hungary từ Sài Gòn 2024",
    "source": "Từ Hồ Chí Minh",
    "description": "Hành trình Frankfurt - Nuremberg - Prague - Vienna - Budapest - Hallstatt - Salzburg - Munich - Frankfurt Lịch trình 8 ngày 7 đêm Khởi hành 16/07/2024 Du lịch Châu Âu mùa Hè trải nghiệm lối sống thư giãn và bình yên tại một trong những thành phố có mùa Hè đẹp nhất thế giới. Mùa Hè ở Châu Âu...",
    "schedule": "11/7/2024",
    "price": 65990000,
    "last": "8 ngày 7 đêm",
    "slots": "Còn 10 chỗ"
  },
  {
    "id": 17,
    "picture": "assets/images/du-lich-duc-cau-Hohenzollern-mua-he-du-lich-viet.jpg",
    "title": "Du lịch Hè - Tour Châu Âu Đức - Hà Lan - Bỉ - Pháp - Luxembourg từ Sài Gòn 2024",
    "source": "Từ Hồ Chí Minh",
    "description": "Hành trình Frankfurt - Cologne - Amsterdam - Zaanse Schans - Brusels - Paris - Reims - Luxembourg Lịch trình 10 ngày 9 đêm Khởi hành 15/05, 12/06, 15/07, 14/08, 11/09, 16/10/2024 Du lịch Hè - Tour Châu Âu Đức - Hà Lan - Bỉ - Pháp - Luxembourg từ Sài Gòn 2024. Châu Âu nổi tiếng với quá trình...",
    "schedule": "21/6/2024",
    "price": 57990000,
    "last": "9 ngày 8 đêm",
    "slots": "Còn 11 chỗ"
  },
  {
    "id": 18,
    "picture": "assets/images/du-lich-hungary-mua-he-du-lich-viet.jpg",
    "title": "Du lịch Hè - Tour Châu Âu Đức - Áo - Hungary - Slovakia - Séc từ Sài Gòn 2024",
    "source": "Từ Hồ Chí Minh",
    "description": "Hành trình Frankfurt - Munich - Hallstatt - Vienna - Budapest - Bratislava - Prague - Nuremberg - Rothenburg OB Der Tauber - Frankfurt Lịch trình 9 ngày 8 đêm Khởi hành 15/05, 12/06, 10/07, 14/08, 11/09, 16/10/2 Điểm nổi bật - Khách sạn 4 sao suốt hành trình - Quý khách sẽ được trải nghiệm hàng không 5 sao. -...",
    "schedule": "24/8/2024",
    "price": 57990000,
    "last": "9 ngày 8 đêm",
    "slots": "Còn 6 chỗ"
  },
  {
    "id": 19,
    "picture": "assets/images/du-lich-dai-loan-lang-co-thap-phan-du-lich-viet.jpg",
    "title": "Du lịch Đài Loan Hè - Hoa Liên - Công Viên Quốc Gia Taroko - Đài Bắc - Làng Cổ Cửu Phần từ Sài Gòn 2024",
    "source": "Từ Hồ Chí Minh",
    "description": "Hành trình Đài Loan - Hoa Liên - Công Viên Quốc Gia Taroko - Đài Bắc - Làng Cổ Cửu Phần Lịch trình 5 ngày 4 đêm Khởi hành 05/07/2024 Vận chuyển Hãng hàng không Vietjet Air Điểm Nổi Bật Chương Trình: - Tham quan làng cổ Cửu Phần - Thả đèn trời cầu bình an tại phố cổ Thập...",
    "schedule": "19/6/2024",
    "price": 12999000,
    "last": "5 ngày 4 đêm",
    "slots": "Còn 10 chỗ"
  },
  {
    "id": 20,
    "picture": "assets/images/du-lich-malaysia-he-dong-batu-du-lich-viet.jpg",
    "title": "Du lịch Hè - Tour Malaysia - Singapore 5N4Đ từ Sài Gòn 2024",
    "source": "Từ Hồ Chí Minh",
    "description": "Hành trình Malaysia - Singapore Lịch trình 5 ngày 4 đêm Khởi hành 28/06/2024 Di chuyển Xe du lịch đời mới & Máy bay Hãng bay VJ825 (0930-1235)/VJ814 (17:55-19:00) Du lịch Hè - Tour Malaysia - Singapore 5N4Đ từ Sài Gòn giá tốt 2024. Đến với đất nước hồi giáo Malaysia, du khách sẽ đến với quần thể vui chơi giải...",
    "schedule": "28/6/2024",
    "price": 12499000,
    "last": "5 ngày 4 đêm",
    "slots": "Còn 6 chỗ"
  },
  {
    "id": 21,
    "picture": "assets/images/du-lich-thai-lan-he-muang-boran-du-lich-viet.jpg",
    "title": "Du lịch Thái Lan Hè 2024 - Muang Boran - Đảo Coral - Baiyoke Sky từ Sài Gòn",
    "source": "Từ Hồ Chí Minh",
    "description": "Hành trình Muang Boran - Đảo Coral - Baiyoke Sky - Dạo Thuyền trên sông Chaophraya Lịch trình 5 ngày 4 đêm Khởi hành 06,13,20,27/04; 04,11,18,25/05; 03,10,17,24,31/08; 07,14,21,28/09/2024 Chuyến bay VJ803 (11:30 – 12:45) / VJ804 (13:50 – 15:20) Du lịch Thái Lan Hè 2024 - Muang Boran - Đảo Coral - Baiyoke Sky từ Sài Gòn. Tour Thái Lan là...",
    "schedule": "24/11/2024",
    "price": 7299000,
    "last": "5 ngày 4 đêm",
    "slots": "Còn 14 chỗ"
  },
  {
    "id": 22,
    "picture": "assets/images/du-lich-singapore-mua-he-2024-du-lich-viet.jpg",
    "title": "Du lịch Malaysia - Singapore Hè 5 ngày 4 đêm từ Sài Gòn 2024",
    "source": "Từ Hồ Chí Minh",
    "description": "Hành trình Malaysia - Singapore Lịch trình 5 ngày 4 đêm Khởi hành 05,19/04; 17,31/05; 07,14,21/06; 05,12,19/07; 02,16,30/08; 13,27/09; 11,18/10/2024 Di chuyển Xe du lịch đời mới & Máy bay Hãng bay VN677 (16:10 -19:15)/VN654 (18:25 -19:55) Du lịch Hè - Tour Du lịch Malaysia - Singapore 5 ngày từ Sài Gòn 2024. Đến với đất nước hồi giáo Malaysia, du...",
    "schedule": "26/7/2024",
    "price": 11499000,
    "last": "5 ngày 4 đêm",
    "slots": "Còn 13 chỗ"
  },
  {
    "id": 23,
    "picture": "assets/images/du-lich-han-quoc-busan-mua-he-du-lich-viet.jpg",
    "title": "Du lịch Hàn Quốc Hè 2024 - Busan - Seoul - Đảo Nami - Làng Cổ Bukchon từ Sài Gòn",
    "source": "Từ Hồ Chí Minh",
    "description": "Hành trình Busan - Daegu - Seoul - Đảo Nami - Làng Cổ Bukchon Lịch trình 5 ngày 5 đêm Khởi hành 29/05; 12/06; 17,31/07; 31/08; 23/10/2024 Vận chuyển Xe du lịch đời mới & Máy bay khứ hồi Du lịch Hàn Quốc Hè 2024 - Busan - Seoul - Đảo Nami - Làng Cổ Bukchon từ Sài Gòn. Nếu bạn...",
    "schedule": "19/6/2024",
    "price": 20999000,
    "last": "5 ngày 5 đêm",
    "slots": "Còn 10 chỗ"
  },
  {
    "id": 24,
    "picture": "assets/images/du-lich-thai-lan-bang-coc-du-lich-viet.jpg",
    "title": "Du lịch Thái Lan Hè - Muang Boran - Đảo Coral - Baiyoke Sky từ Sài Gòn 2024",
    "source": "Từ Hồ Chí Minh",
    "description": "Hành trình Muang Boran - Đảo Coral - Baiyoke Sky - Dạo Thuyền trên sông Chaophraya Lịch trình 5 ngày 4 đêm Khởi hành 01,08,15,22,29/06; 06,13,20,27/07/2024 Chuyến bay VJ805 (17:15 – 18:45)/VJ806 (19:55 -21:25) Du lịch Thái Lan Hè - Muang Boran - Đảo Coral - Baiyoke Sky từ Sài Gòn 2024. Tour Thái Lan là một hành trình khám phá...",
    "schedule": "12/9/2024",
    "price": 7499000,
    "last": "5 ngày 4 đêm",
    "slots": "Còn 13 chỗ"
  }
]