[
  {
    "id": 1,
    "picture": "assets/images/tour-du-lich-phu-quoc-he-du-lich-viet.jpg",
    "title": "Du lịch Phú Quốc Hè - Grand World - Vinwonders - Safari từ Sài Gòn 2024",
    "source": "Từ Hồ Chí Minh",
    "description": "Hành trình Phú Quốc - Grand World - Vinwonders - Safari - Trải Nghiệm Cáp Treo Hòn Thơm Lịch trình 3 ngày 2 đêm Khởi hành 02,09,23/04; 07,14,21,28/05; 07,14,28/06; 05,12,19/07; 02,09,16/08; 13,20,27/09/2024 Di chuyển Xe du lịch đời mới & Máy bay khứ hồi Du lịch Phú Quốc Hè - Grand World - Vinwonders - Safari từ Sài Gòn 2024. Phú...",
    "schedule": "21/8/2024",
    "price": 5699000,
    "last": "3 ngày 2 đêm",
    "slots": "Còn 14 chỗ"
  },
  {
    "id": 2,
    "picture": "assets/images/dinh-fansipan-he-du-lich-viet.jpg",
    "title": "Du lịch Hè - Tour Hà Nội - Hạ Long - Ninh Bình - Sapa 5 ngày từ Sài Gòn 2024",
    "source": "Từ Hồ Chí Minh",
    "description": "Hành trình Hà Nội - Vịnh Hạ Long - Tràng An - Ninh Bình - Lào Cai - Sapa - Bản Cát Cát - Chinh phục đỉnh Fansipan Lịch trình 5 ngày 4 đêm Khởi hành 04,11,18,25/05; 01,08,15,22,29/06; 06,13,20,27/07; 03,10,31/08; 14,21,28/09/2024 Vận chuyển Xe du lịch đời mới & Máy bay khứ hồi Du lịch Hè - Tour Hà Nội...",
    "schedule": "15/6/2024",
    "price": 9999000,
    "last": "5 ngày 4 đêm",
    "slots": "Còn 7 chỗ"
  },
  {
    "id": 3,
    "picture": "assets/images/du-lich-hue-mua-he-du-lich-viet.jpg",
    "title": "Du lịch Hè - Tour Đà Nẵng - Huế - Thánh Địa La Vang - Động Phong Nha 4 ngày từ Sài Gòn 2024",
    "source": "Từ Hồ Chí Minh",
    "description": "Hành trình Đà Nẵng - Cao Nguyên Bà Nà - Phố Cổ Hội An - Cố Đô Huế - Thánh Địa La Vang - Động Phong Nha Lịch trình 4 ngày 3 đêm Khởi hành 11,15,25/05; 01,08,15,22,29/06; 06,13,27/07;03,10,31/08;14,21,28/09/2024 Vận chuyển Máy Bay Khứ Hồi & Xe Du Lịch Đời Mới Du lịch Hè - Tour Đà Nẵng - Huế -...",
    "schedule": "25/6/2024",
    "price": 7799000,
    "last": "4 ngày 3 đêm",
    "slots": "Còn 7 chỗ"
  },
  {
    "id": 4,
    "picture": "assets/images/du-lich-ha-giang-song-nho-que-du-lich-viet.jpg",
    "title": "Du lịch Đông Tây Bắc mùa Hè - Sapa - Hà Giang - Đồng Văn - Sông Nho Quế 5 ngày từ Sài Gòn 2024",
    "source": "Từ Hồ Chí Minh",
    "description": "Hành trình Sapa - Bản Cát Cát - Fansipan - Hà Giang - Đồng Văn - Sông Nho Quế Lịch trình 5 ngày 4 đêm Khởi hành 06,10,20,24/04; 04,11,18,25/05; 01,08,15,22,29/06; 06,13,20,27/07; 03,10,31/08; 14,21,28/09/2024 Di chuyển Xe du lịch đời mới & Máy bay Du lịch Đông Tây Bắc gây ấn tượng cho du khách qua những cung đường quanh co...",
    "schedule": "16/6/2024",
    "price": 9999000,
    "last": "5 ngày 4 đêm",
    "slots": "Còn 11 chỗ"
  },
  {
    "id": 5,
    "picture": "assets/images/du-lich-ninh-binh-mua-he-2024-du-lich-viet.jpg",
    "title": "Du lịch Hè - Tour Hà Nội - Mai Châu - Mộc Châu - Ninh Bình - Chùa Bái Đính - Tràng An từ Sài Gòn 2024",
    "source": "Từ Hồ Chí Minh",
    "description": "Hành trình Mai Châu - Mộc Châu - Ninh Bình - Chùa Bái Đính - Tràng An [Trải Nghiệm Cầu Kính Bạch Long] Lịch trình 5 ngày 4 đêm Khởi hành 01,08,15,22,29/06; 06,13,20,27/07; 06,13,20,27/07; 03,10,31/08; 14,21,28/09/2024 Di chuyển Xe du lịch đời mới & Máy Bay khứ hồi Du lịch Hè - Tour Hà Nội - Mai Châu - Mộc...",
    "schedule": "17/8/2024",
    "price": 9999000,
    "last": "5 ngày 4 đêm",
    "slots": "Còn 13 chỗ"
  },
  {
    "id": 6,
    "picture": "assets/images/du-lich-nha-trang-thap-ba-ponagar-du-lich-viet.jpg",
    "title": "Du lịch Nha Trang Hè - Tour Du Ngoạn 4 Đảo từ Sài Gòn giá tốt 2024",
    "source": "Từ Hồ Chí Minh",
    "description": "Hành trình Đảo Bình Hưng - Nha Trang - Du Ngoạn 4 Đảo - Vinwonders - Tháp Bà Ponagar - Nhà Thờ Đá - Ninh Chữ Lịch trình 4 ngày 3 đêm Khởi hành Thứ 5 hàng tuần Di chuyển Xe du lịch đời mới Du lịch Nha Trang là thành phố nằm ở phía Đông tỉnh Khánh Hoà,...",
    "schedule": "17/6/2024",
    "price": 3899000,
    "last": "4 ngày 3 đêm",
    "slots": "Còn 12 chỗ"
  },
  {
    "id": 7,
    "picture": "assets/images/thap-ba-ponagar-nha-trang-kien-truc-thap-ba-ponagar-du-lich-viet.jpg",
    "title": "Du lịch Hè - Tour Du lịch Nha Trang - Đà Lạt 5 ngày từ Sài Gòn 2024",
    "source": "Từ Hồ Chí Minh",
    "description": "Hành trình Nha Trang - Bar Đảo - Tắm Khoáng - Vinwonders - Đà Lạt - Mogoland - Đà Lạt View Lịch trình 5 ngày 4 đêm Khởi hành Thứ 4 hàng tuần Vận chuyển Xe du lịch đời mới Du lịch Hè - Tour Du lịch Nha Trang - Đà Lạt 5 ngày từ Sài Gòn 2024....",
    "schedule": "26/6/2024",
    "price": 4899000,
    "last": "5 ngày 4 đêm",
    "slots": "Còn 13 chỗ"
  },
  {
    "id": 8,
    "picture": "assets/images/tham-quan-doi-che-cau-dat-he-du-lich-viet.jpg",
    "title": "Du lịch Đà Lạt Hè - Thác Pongour - Mongoland - Nhà Thờ Domaine từ Sài Gòn 2024",
    "source": "Từ Hồ Chí Minh",
    "description": "Hành trình Đà Lạt - Thác Pongour - Mongoland - Nhà Thờ Domaine Lịch trình 3 ngày 2 đêm Khởi hành Thứ 3,6 hàng tuần Vận chuyển Xe du lịch đời mới Du lịch Đà Lạt cùng Du Lịch Việt sẽ đưa quý khách đến với thành phố nổi tiếng bậc nhất Việt Nam với sự thơ mộng và...",
    "schedule": "29/11/2024",
    "price": 1999000,
    "last": "3 ngày 2 đêm",
    "slots": "Còn 13 chỗ"
  },
  {
    "id": 9,
    "picture": "assets/images/du-lich-nha-trang-ngam-hoang-hon-tren-du-thuyen-du-lich-viet.jpg",
    "title": "Du lịch Nha Trang Hè - Ngắm Hoàng Hôn Trên Du Thuyền Đẳng Cấp 5 Sao từ Sài Gòn 2024",
    "source": "Từ Hồ Chí Minh",
    "description": "Hành trình: Nha Trang - Ngắm Hoàng Hôn Trên Du Thuyền Đẳng Cấp 5 Sao - Vinwonders - Bùn Khoáng Nóng I-Resort - Nhà Thờ Đá - Vườn Nho Ninh Chữ Lịch trình: 3 ngày 2 đêm Khởi hành: Tối Thứ 4,6 hàng tuần Vận chuyển: Xe du lịch đời mới & tàu thủy Du lịch Nha Trang...",
    "schedule": "15/8/2024",
    "price": 5899000,
    "last": "3 ngày 2 đêm",
    "slots": "Còn 6 chỗ"
  },
  {
    "id": 10,
    "picture": "assets/images/du-lich-ninh-chu-he-du-lich-viet.jpg",
    "title": "Du lịch Hè - Tour Du lịch Đảo Bình Hưng - Ninh Chữ - Vườn Nho từ Sài Gòn 2024",
    "source": "Từ Hồ Chí Minh",
    "description": "Hành trình: Đảo Bình Hưng - Ninh Chữ - Đồng Cừu - Vườn Nho - Thưởng Thức Đặc Sản Tôm Hùm Lịch trình: 2 ngày 2 đêm Khởi hành: Tối Thứ 3,6 hàng tuần Vận chuyển: Xe du lịch đời mới & tàu thủy Du lịch Miền Trung - Đảo Bình Hưng - Ninh Chữ - Vườn Nho,...",
    "schedule": "27/9/2024",
    "price": 2299000,
    "last": "2 ngày 2 đêm",
    "slots": "Còn 5 chỗ"
  },
  {
    "id": 11,
    "picture": "assets/images/du-lich-dao-phu-quy-du-lich-viet.jpg",
    "title": "Du lịch Phan Thiết - Khám Phá Đảo Phú Quý từ Sài Gòn giá tốt 2024",
    "source": "Từ Hồ Chí Minh",
    "description": "Hành trình Khám Phá Thiên Đường Đảo Phú Quý Thưởng Thức Cua Huỳnh Đế Lịch trình 3 ngày 2 đêm Khởi hành Thứ 4,7 hàng tuần Vận chuyển Xe du lịch & Tàu Thủy Du lịch Phan Thiết - Khám Phá Đảo Phú Quý từ Sài Gòn giá tốt. Du lịch Biển Đảo Đảo Tour Phú Quý hay còn gọi...",
    "schedule": "26/9/2024",
    "price": 3999000,
    "last": "3 ngày 2 đêm",
    "slots": "Còn 5 chỗ"
  },
  {
    "id": 12,
    "picture": "assets/images/du-lich-dao-binh-hung-du-lich-viet.jpg",
    "title": "Du lịch Phan Thiết - Linh Địa Đức Mẹ Tà Pao - Đảo Bình Hưng 3N2Đ từ Sài Gòn 2024",
    "source": "Từ Hồ Chí Minh",
    "description": "Hành trình Phan Thiết - Linh Địa Đức Mẹ Tà Pao - Đảo Bình Hưng - Đồng Cừu - Vườn Nho - Thưởng Thức Đặc Sản Tôm Hùm Lịch trình 3 ngày 2 đêm Khởi hành Thứ 4,7 hàng tuần Vận chuyển Xe du lịch & Tàu Thủy Du lịch Phan Thiết - Khám Phá Đảo Bình Hưng từ Sài Gòn...",
    "schedule": "15/9/2024",
    "price": 2899000,
    "last": "3 ngày 2 đêm",
    "slots": "Còn 7 chỗ"
  },
  {
    "id": 13,
    "picture": "assets/images/du-lich-phan-thiet-du-lich-viet.jpg",
    "title": "Du lịch Phan Thiết Biển Xanh - Cát Vàng - Mũi Né - Hòn Rơm - Jeep Tour từ Sài Gòn 2024",
    "source": "Từ Hồ Chí Minh",
    "description": "Hành trình: Phan Thiết Biển Xanh - Cát Vàng - Mũi Né - Hòn Rơm - TaKou - Lâu Đài Rượu Vang Lịch trình: 2 ngày 1 đêm Ngày khởi hành: Thứ 4,7 hàng tuần Vận chuyển: Xe du lịch đời mới",
    "schedule": "28/11/2024",
    "price": 1999000,
    "last": "2 ngày 1 đêm",
    "slots": "Còn 8 chỗ"
  },
  {
    "id": 14,
    "picture": "assets/images/du-lich-phan-thiet-jeep-tour-du-lich-viet.jpg",
    "title": "Du lịch Phan Thiết Hè - Cát Vàng - Mũi Né - Hòn Rơm - Jeep Tour từ Sài Gòn 2024",
    "source": "Từ Hồ Chí Minh",
    "description": "Hành trình: Phan Thiết Biển Xanh - Cát Vàng - Mũi Né - Hòn Rơm - Jeep Tour Lịch trình: 3 ngày 2 đêm Khởi hành: Thứ 3,6 hàng tuần Vận chuyển: Xe du lịch đời mới Du lịch Phan Thiết Hè - Cát Vàng - Mũi Né - Hòn Rơm - Jeep Tour từ Sài Gòn 2024. Du lịch Phan...",
    "schedule": "11/9/2024",
    "price": 3199000,
    "last": "3 ngày 2 đêm",
    "slots": "Còn 13 chỗ"
  },
  {
    "id": 15,
    "picture": "assets/images/du-lich-chau-doc-rung-tram-tra-su-mua-he-du-lich-viet.jpg",
    "title": "Du lịch miền Tây Hè - Mỹ Tho - Châu Đốc - Cần Thơ - Cà Mau - Bạc Liêu - Sóc Trăng từ Sài Gòn 2024",
    "source": "Từ Hồ Chí Minh",
    "description": "Hành trình: Mỹ Tho - Châu Đốc - Cần Thơ - Cà Mau - Năm Căn - Đất Mũi - Bạc Liêu - Sóc Trăng Lịch trình: 4 ngày 3 đêm Khởi hành: Thứ 2,5,7 hàng tuần Vận chuyển: Xe du lịch đời mới Du lịch Mỹ Tho - Xuôi về Miền Tây, Du Khách có dịp trải nghiệm thú...",
    "schedule": "18/9/2024",
    "price": 4299000,
    "last": "4 ngày 3 đêm",
    "slots": "Còn 7 chỗ"
  },
  {
    "id": 16,
    "picture": "assets/images/du-lich-chau-doc-rung-tram-tra-su-he-2024-du-lich-viet.jpg",
    "title": "Du lịch miền Tây Hè - Tour Mỹ Tho - Cần Thơ - Châu Đốc 3N2Đ từ Sài Gòn 2024",
    "source": "Từ Hồ Chí Minh",
    "description": "Hành trình Mỹ Tho - Cần Thơ - Châu Đốc - Rừng Tràm Trà Sư Lịch trình 3 ngày 2 đêm Khởi hành Thứ 2,5,7 hàng tuần Vận chuyển Xe du lịch đời mới Du lịch miền Tây Hè - Tour Mỹ Tho - Cần Thơ - Châu Đốc 3N2Đ từ Sài Gòn 2024. Du lịch miền Tây...",
    "schedule": "22/8/2024",
    "price": 3199000,
    "last": "3 ngày 2 đêm",
    "slots": "Còn 8 chỗ"
  },
  {
    "id": 17,
    "picture": "assets/images/cu-lao-thoi-son-du-lich-viet.jpg",
    "title": "Du lịch Hè - Tour Mỹ Tho - Bến Tre - Cù Lao Thới Sơn - Cồn Phụng từ Sài Gòn 2024",
    "source": "Từ Hồ Chí Minh",
    "description": "Hành trình: Tour Hè 2024 - Mỹ Tho - Bến Tre - Cù Lao Thới Sơn - Cồn Phụng Lịch trình: 1 ngày Ngày khởi hành: Hàng ngày Vận chuyển: Xe du lịch đời mới Du lịch Hè - Tour Mỹ Tho - Bến Tre - Cù Lao Thới Sơn - Cồn Phụng từ Sài Gòn 2024 - Du lịch Miền Tây - Tiền...",
    "schedule": "26/10/2024",
    "price": 7650000,
    "last": "1 ngày 0 đêm",
    "slots": "Còn 6 chỗ"
  },
  {
    "id": 18,
    "picture": "assets/images/du-lich-can-tho-cho-noi-cai-rang-mua-he-du-lich-viet.jpg",
    "title": "Du lịch Hè - Tour Tiền Giang - Mỹ Tho - Cần Thơ 2 ngày từ Sài Gòn 2024",
    "source": "Từ Hồ Chí Minh",
    "description": "Hành trình: Mỹ Tho - Cù Lao Thới Sơn - Cồn Phụng - Cần Thơ - Chợ Nổi Cái Răng - Thiền Viện Trúc Lâm Lịch trình: 2 ngày 1 đêm Khởi hành: Hàng ngày Vận chuyển: Xe du lịch đời mới Tour du lịch Miền Tây - Xuôi theo dòng nước du khách đến với chợ nổi Cái Răng...",
    "schedule": "17/7/2024",
    "price": 1899000,
    "last": "2 ngày 1 đêm",
    "slots": "Còn 10 chỗ"
  },
  {
    "id": 19,
    "picture": "assets/images/du-lich-ninh-binh-mua-he-gia-tot-du-lich-viet.jpg",
    "title": "Du lịch Hè - Tour Hà Nội - Yên Tử - Hạ Long - Ninh Bình - Sapa 6 ngày từ Sài Gòn 2024",
    "source": "Từ Hồ Chí Minh",
    "description": "Hành trình: Hà Nội - Yên Tử - Hạ Long - Bắc Ninh - Đền Đô - Ninh Bình - Chùa Bái Đính - Tràng An - Sapa - Chinh phục đỉnh Fansipan Lịch trình: 6 ngày 5 đêm Khởi hành: 02,09,23/04; 07,14,21,28/05; 02,04,11,18,25/06; 02,09,16,23,30/07; 06,13,20,27/08; 10,17,24/09/2024 Vận chuyển: Máy bay khứ hồi & xe du lịch đời mới Miền...",
    "schedule": "25/8/2024",
    "price": 10399000,
    "last": "6 ngày 5 đêm",
    "slots": "Còn 8 chỗ"
  },
  {
    "id": 20,
    "picture": "assets/images/du-lich-ha-giang-dip-le-du-lich-viet(1).jpg",
    "title": "Du lịch Đông Bắc Lễ 30/4 Tour Hà Nội - Hà Giang - Quản Bạ từ Sài Gòn 2024",
    "source": "Từ Hồ Chí Minh",
    "description": "Hành trình Đông Bắc: Hà Giang - Quản Bạ - Đồng Văn - Lũng Cú - Mèo Vạc - Sông Nho Quế Lịch trình 4 ngày 3 đêm Khởi hành 27,28,29,30/04/2024 Di chuyển Xe du lịch đời mới & Máy Bay khứ hồi Hà Giang vốn là vùng đất được khoác lên mình vẻ đẹp hoang sơ, thơ...",
    "schedule": "21/11/2024",
    "price": 11499000,
    "last": "4 ngày 3 đêm",
    "slots": "Còn 11 chỗ"
  },
  {
    "id": 21,
    "picture": "assets/images/du-lich-cao-bang-dip-le-du-lich-viet-2024.jpg",
    "title": "Du lịch Đông Bắc Lễ 30/4 - Tour Hà Nội - Hà Giang - Cao Bằng - Thác Bản Giốc 5 ngày từ Sài Gòn 2024",
    "source": "Từ Hồ Chí Minh",
    "description": "Hành trình: Đông Bắc: Hà Nội - Hà Giang - Đồng Văn - Lũng Cú - Mèo Vạc - Cao Bằng - Thác Bản Giốc - Sông Nho Quế Lịch trình: 5 ngày 4 đêm Khởi hành: 27,28,29,30/04/2024 Vận chuyển: Máy bay khứ hồi & xe du lịch đời mới Du lịch Đông Bắc dịp Lễ 30/4 Tour Du lịch...",
    "schedule": "16/7/2024",
    "price": 12799000,
    "last": "5 ngày 4 đêm",
    "slots": "Còn 7 chỗ"
  },
  {
    "id": 22,
    "picture": "assets/images/du-dong-bac-deo-ma-phi-leng-dip-le-du-lich-viet.jpg",
    "title": "Du lịch Đông Bắc Lễ 30/4 - Hà Nội - Hà Giang - Quản Bạ - Cao Bằng 6 ngày từ Sài Gòn 2024",
    "source": "Từ Hồ Chí Minh",
    "description": "Hành trình Đông Bắc: Hà Nội - Hà Giang - Đồng Văn - Lũng Cú - Mèo Vạc - Cao Bằng - Thác Bản Giốc - Hang Pắc Bó - Hồ Ba Bể Lịch trình 6 ngày 5 đêm Khởi hành 27,28,29/04/2024 Di chuyển Xe du lịch đời mới & Máy Bay khứ hồi Với những cao nguyên núi đá không...",
    "schedule": "15/7/2024",
    "price": 14099000,
    "last": "6 ngày 5 đêm",
    "slots": "Còn 7 chỗ"
  },
  {
    "id": 23,
    "picture": "assets/images/du-lich-ha-giang-mua-he-du-lich-viet.jpg",
    "title": "Du lịch Đông Bắc Hè - Hà Nội - Hà Giang - Quản Bạ - Sông Nho Quế từ Sài Gòn 2024",
    "source": "Từ Hồ Chí Minh",
    "description": "Hành trình Đông Bắc: Hà Giang - Quản Bạ - Đồng Văn - Lũng Cú - Mèo Vạc - Sông Nho Quế Lịch trình 4 ngày 3 đêm Khởi hành 03,10,24/04; 08,15,22/05; 01,08,15,22,29/06; 06,13,20,27/07; 03,10,17,24/08/2024 Di chuyển Xe du lịch đời mới & Máy Bay khứ hồi Du lịch Đông Bắc dù không thể nào so sánh bằng mắt...",
    "schedule": "23/8/2024",
    "price": 8999000,
    "last": "4 ngày 3 đêm",
    "slots": "Còn 8 chỗ"
  },
  {
    "id": 24,
    "picture": "assets/images/du-lich-cao-bang-thac-ban-gioc-du-lich-viet.jpg",
    "title": "Du lịch Đông Bắc Hè - Hà Nội - Hà Giang - Cao Bằng - Thác Bản Giốc 5 ngày từ Sài Gòn 2024",
    "source": "Từ Hồ Chí Minh",
    "description": "Hành trình: Đông Bắc: Hà Nội - Hà Giang - Đồng Văn - Lũng Cú - Mèo Vạc - Cao Bằng - Thác Bản Giốc - Sông Nho Quế Lịch trình: 5 ngày 4 đêm Khởi hành: 06,10,20,24/04; 04,11,18,25/05; 01,08,11,15,22,29/06; 06,13,20,27/07; 03,10,31/08; 14,21,28/09/2024 Vận chuyển: Máy bay khứ hồi & xe du lịch đời mới Du lịch Đông Bắc Hè...",
    "schedule": "14/9/2024",
    "price": 9999000,
    "last": "5 ngày 4 đêm",
    "slots": "Còn 10 chỗ"
  }
]